timestamp_utc	generation	status	commit	note
2026-04-05T17:22:49Z	gen01	success	a9df2a7	Implemented core pager, tests, docs, and safe ANSI highlighting
2026-04-05T17:23:08Z	1	committed	8e0cc90cd1815131185a3041d1bf5dccda4f055b	HEAD advanced
2026-04-05T17:27:55Z	gen02	success	92ce66d	Expanded ANSI SGR support, fixed search repetition, and hardened editor teardown
2026-04-05T17:28:27Z	2	committed	1eb62b8dc49e2d2714eb53e544fc0e4686de2255	HEAD advanced
2026-04-05T17:31:34Z	gen03	success	907d3bf	Search now ignores ANSI escape scaffolding in colored output
2026-04-05T17:32:14Z	3	committed	d15dbf01b59f84dc793149397871f7387298af03	HEAD advanced
2026-04-05T17:35:12Z	gen04	success	8ca4515	Startup pattern search positions on the first visible match and fixes backward wrap search
2026-04-05T17:35:25Z	4	committed	3b0bf6e	HEAD advanced
2026-04-05T17:35:38Z	4	committed	b205f9a9fdd68ab74b696e7b7e6e7a286b1aa386	HEAD advanced
2026-04-05T17:38:09Z	gen05	success	7a0fe14	ANSI-aware row math, visible-width status truncation, and alt-screen cleanup hardening
2026-04-05T17:38:36Z	5	committed	3d2859c8251c81d524d978a8cb3758e23454fb85	HEAD advanced
2026-04-05T17:41:29Z	gen06	success	5d0c8ce	Add less-style marks and bottom-page navigation
2026-04-05T17:42:34Z	6	committed	c0011cf6a181d1bb15a664e50cede340adc41382	HEAD advanced
2026-04-05T17:45:32Z	gen07	success	13022c3	Respect highlight config in renderer
2026-04-05T17:45:32Z	7	committed	13022c3	HEAD advanced
2026-04-05T17:45:49Z	7	committed	be25edf397505253b1c6f50348fbdb693b11bbdc	HEAD advanced
2026-04-05T17:51:00Z	gen08	success	dde5092	Add less-style startup commands and cached line metadata
2026-04-05T17:51:00Z	8	committed	d1a0ee41816976267aa79a327b59f361d8f2e547	HEAD advanced
2026-04-05T17:51:24Z	8	committed	d1a0ee41816976267aa79a327b59f361d8f2e547	HEAD advanced
2026-04-05T17:55:02Z	gen09	success	a7771b6d2f4c171a021438eb490d3c808116d462	Add blank-line squeezing and control-key motion
2026-04-05T17:55:02Z	9	committed	4c2d8f09907de0513c87ed69394211773b4be0e0	HEAD advanced
2026-04-05T17:55:53Z	9	committed	4c2d8f09907de0513c87ed69394211773b4be0e0	HEAD advanced
2026-04-05T18:00:20Z	gen10	success	6a5824b2f46deda44cf9675f65aa2ab4a9ec21ee	Add counted navigation and visible-tail marks
2026-04-05T18:00:20Z	10	committed	6a5824b2f46deda44cf9675f65aa2ab4a9ec21ee	HEAD advanced
2026-04-05T18:01:06Z	10	committed	6a5824b2f46deda44cf9675f65aa2ab4a9ec21ee	HEAD advanced
2026-04-05T18:03:44Z	gen11	success	f368c6147c0ccd6b8824c32ee47dd4e4b61f3198	Optimize startup parsing and pager helpers
2026-04-05T18:03:44Z	11	committed	f368c6147c0ccd6b8824c32ee47dd4e4b61f3198	HEAD advanced
2026-04-05T18:04:31Z	11	committed	f368c6147c0ccd6b8824c32ee47dd4e4b61f3198	HEAD advanced
2026-04-05T18:09:49Z	gen12	success	892bbba7da267ff16763bc01bee0a4f0e1afb7cf	Add horizontal scrolling for chopped long lines
2026-04-05T18:09:49Z	12	committed	892bbba7da267ff16763bc01bee0a4f0e1afb7cf	HEAD advanced
2026-04-05T18:10:23Z	12	committed	892bbba7da267ff16763bc01bee0a4f0e1afb7cf	HEAD advanced
2026-04-05T18:13:16Z	gen13	success	316a9428bcfdfd7a2a2d057586ceec06ff9fa58a	Fix startup search to include the first line and keep status context visible
2026-04-05T18:13:16Z	13	committed	316a9428bcfdfd7a2a2d057586ceec06ff9fa58a	HEAD advanced
2026-04-05T18:15:21Z	13	committed	316a9428bcfdfd7a2a2d057586ceec06ff9fa58a	HEAD advanced
2026-04-05T18:19:16Z	gen14	success	9fdc360cb5a28728e569dc51015fe220c40d9b60	Add less-style search case parity and raw-control alias
2026-04-05T18:19:16Z	14	committed	9fdc360cb5a28728e569dc51015fe220c40d9b60	HEAD advanced
2026-04-05T18:19:47Z	14	committed	9fdc360cb5a28728e569dc51015fe220c40d9b60	HEAD advanced
2026-04-05T18:24:59Z	gen15	success	555389a	Add less-style file jumps via command prompt and document helpers
2026-04-05T18:25:38Z	15	committed	3c24f9a14192724f1a548833b2152d06ecf10158	HEAD advanced
2026-04-05T18:27:44Z	gen16	success	17aaa8857102e6973a937b13813a21881e094472	Add less-style tab width override
2026-04-05T18:28:52Z	16	committed	26703db881aca61949bec32940c6c2d331b6c62a	HEAD advanced
2026-04-05T18:33:33Z	gen17	success	3b305e5	Add less-style line filtering with rebuildable views and tty smoke test
2026-04-05T18:33:33Z	17	committed	3b305e5	HEAD advanced
2026-04-05T18:34:19Z	17	committed	3620695629175d455d9cc4b577b5d95aa95267f6	HEAD advanced
2026-04-05T18:38:25Z	gen18	success	4c13eff1e6652a2320d15eb9e5e75a6979df9729	Add less-style shell command escape with tty-safe execution
2026-04-05T18:38:25Z	18	committed	4c13eff1e6652a2320d15eb9e5e75a6979df9729	HEAD advanced
2026-04-05T18:38:47Z	18	committed	4c13eff1e6652a2320d15eb9e5e75a6979df9729	HEAD advanced
2026-04-05T18:42:08Z	gen19	success	b093eca	Improve workflow docs, Makefile, and raw-control alias help visibility
2026-04-05T18:42:08Z	19	committed	b093eca	HEAD advanced
